,,,,,,,,,,,,,,,,,,,
,,,,,,,,,,,,,,,,,,,
Gran Encuesta Integrada de Hogares - GEIH,,,,,,,,,,,,,,,,,,,
,,,,,,,,,,,,,,,,,,,
"% Población en Edad de Trabajar, Tasa Global de Participación (TGP), Tasa de Ocupación (TO), Tasa de Desocupación (TD) y Tasa de Subocupación (TS)",,,,,,,,,,,,,,,,,,,
"Población total, Población en Edad de Trabajar (PET), Fuerza de trabajo, Población ocupada, Población desocupada, Población fuera de la fuerza de trabajo, Población subocupada y Fuerza de trabajo potencial (en miles)",,,,,,,,,,,,,,,,,,,
Departamentos,,,,,,,,,,,,,,,,,,,
Serie anual 2007-2025,,,,,,,,,,,,,,,,,,,
,,,,,,,,,,,,,,,,,,,
Antioquia,,,,,,,,,,,,,,,,,,,
Concepto,,,,,,,,,,,,,,,,,,,
,2007,2008,2009,2010,2011,2012,2013,2014,2015,2016,2017,2018,2019,2020,2021,2022,2023,2024,2025
% población en edad de trabajar ,"72,2","72,9","73,5","74,2","74,8","75,4","76,0","76,6","77,1","77,5","77,9","78,2","78,5","78,8","79,2","79,5","79,8","80,1","80,4"
Tasa Global de Participación (TGP),"61,6","61,8","65,2","65,2","64,8","65,9","65,8","64,9","62,9","62,2","62,7","61,4","60,9","58,8","58,9","63,0","63,9","63,8","64,3"
Tasa de Ocupación (TO),"54,6","54,2","56,7","57,4","57,8","58,5","59,1","58,5","56,6","55,7","55,7","54,3","53,5","48,4","50,8","56,7","58,2","57,8","59,5"
Tasa de Desocupación (TD),"11,4","12,3","13,0","12,0","10,8","11,1","10,2","10,0","10,0","10,4","11,2","11,6","12,2","17,6","13,7","10,1","9,0","9,4","7,5"
Tasa de Subocupación (TS),"8,3","9,2","12,0","12,3","10,1","11,4","10,2","8,3","8,1","8,7","8,6","8,8","9,6",  - ,"5,6","5,8","5,7","5,9","5,7"
,,,,,,,,,,,,,,,,,,,
Población total,5.593,5.660,5.728,5.798,5.867,5.933,5.999,6.064,6.132,6.208,6.293,6.402,6.545,6.673,6.782,6.886,6.994,7.098,7.198
Población en edad de trabajar (PET),4.040,4.125,4.212,4.301,4.390,4.476,4.561,4.644,4.726,4.813,4.903,5.008,5.140,5.262,5.369,5.473,5.578,5.684,5.785
Fuerza de trabajo  ,2.489,2.551,2.747,2.805,2.845,2.948,3.002,3.015,2.975,2.995,3.076,3.074,3.133,3.092,3.163,3.449,3.566,3.625,3.720
Población ocupada,2.204,2.236,2.390,2.468,2.538,2.620,2.695,2.714,2.676,2.683,2.732,2.719,2.751,2.547,2.730,3.102,3.245,3.284,3.441
Población desocupada,285,315,357,336,306,328,307,301,299,312,344,355,382,545,433,347,320,341,279
Población fuera de la fuerza de trabajo,1.551,1.574,1.465,1.496,1.545,1.528,1.559,1.629,1.752,1.818,1.827,1.934,2.008,2.170,2.206,2.023,2.012,2.059,2.065
Población subocupada,208,236,329,344,288,335,307,251,241,259,265,269,300,  - ,176,201,204,215,212
Fuerza de trabajo potencial,  - ,  - ,  - ,  - ,  - ,  - ,  - ,  - ,  - ,  - ,  - ,  - ,  - ,  - ,174,210,211,165,138
,,,,,,,,,,,,,,,,,,,
Atlántico,,,,,,,,,,,,,,,,,,,
Concepto,,,,,,,,,,,,,,,,,,,
,2007,2008,2009,2010,2011,2012,2013,2014,2015,2016,2017,2018,2019,2020,2021,2022,2023,2024,2025
% población en edad de trabajar ,"70,4","70,8","71,1","71,5","71,9","72,2","72,6","73,0","73,4","73,8","74,2","74,5","74,8","75,1","75,4","75,6","75,9","76,4","76,8"
Tasa Global de Participación (TGP),"60,5","59,0","60,0","61,0","62,4","62,6","62,8","62,9","64,6","64,6","63,2","63,2","62,5","57,5","61,6","65,6","65,1","62,9","63,4"
Tasa de Ocupación (TO),"53,3","52,5","53,8","55,0","57,2","57,5","58,0","58,0","59,4","59,6","58,4","58,3","57,9","51,0","52,8","58,6","59,2","57,0","58,0"
Tasa de Desocupación (TD),"11,8","10,9","10,4","9,8","8,3","8,2","7,7","7,8","8,2","7,8","7,6","7,8","7,4","11,3","14,2","10,7","9,1","9,5","8,5"
Tasa de Subocupación (TS),"10,1","7,1","6,9","8,4","12,3","12,1","9,8","9,9","13,0","11,7","11,4","12,7","13,6",  - ,"13,1","14,7","11,6","9,6","8,6"
,,,,,,,,,,,,,,,,,,,
Población total,2.174,2.203,2.232,2.261,2.288,2.314,2.340,2.366,2.392,2.426,2.467,2.532,2.634,2.719,2.770,2.804,2.835,2.865,2.894
Población en edad de trabajar (PET),1.531,1.559,1.588,1.616,1.644,1.672,1.699,1.728,1.757,1.791,1.830,1.888,1.971,2.041,2.088,2.121,2.153,2.190,2.222
Fuerza de trabajo  ,925,920,953,986,1.025,1.047,1.067,1.086,1.136,1.157,1.157,1.193,1.232,1.175,1.285,1.390,1.402,1.378,1.409
Población ocupada,816,819,854,889,941,961,985,1.002,1.043,1.067,1.069,1.100,1.141,1.041,1.102,1.242,1.274,1.248,1.289
Población desocupada,109,101,99,96,85,86,82,84,93,91,87,93,91,133,183,148,128,130,120
Población fuera de la fuerza de trabajo,605,639,635,631,619,625,632,642,621,634,674,694,739,867,803,731,750,812,813
Población subocupada,93,66,66,83,126,127,105,107,148,136,132,152,168,  - ,168,205,163,132,121
Fuerza de trabajo potencial,  - ,  - ,  - ,  - ,  - ,  - ,  - ,  - ,  - ,  - ,  - ,  - ,  - ,  - ,94,131,160,145,110
,,,,,,,,,,,,,,,,,,,
Bolívar,,,,,,,,,,,,,,,,,,,
Concepto,,,,,,,,,,,,,,,,,,,
,2007,2008,2009,2010,2011,2012,2013,2014,2015,2016,2017,2018,2019,2020,2021,2022,2023,2024,2025
% población en edad de trabajar ,"68,5","68,9","69,2","69,6","69,9","70,3","70,7","71,0","71,4","71,8","72,1","72,5","72,7","73,0","73,3","73,6","73,8","74,2","74,6"
Tasa Global de Participación (TGP),"61,0","55,1","57,3","59,2","62,8","65,5","64,5","64,7","65,3","64,4","64,0","64,8","64,3","60,4","64,2","63,7","64,6","58,7","58,3"
Tasa de Ocupación (TO),"53,8","49,3","51,4","54,4","57,8","60,5","59,9","60,7","60,8","60,1","60,1","61,2","61,2","54,5","56,0","56,8","58,9","52,5","52,8"
Tasa de Desocupación (TD),"11,8","10,4","10,3","8,2","8,0","7,6","7,1","6,3","6,9","6,6","6,1","5,5","4,7","9,8","12,8","10,8","8,8","10,5","9,4"
Tasa de Subocupación (TS),"8,5","6,8","10,5","10,1","8,1","8,5","8,9","10,6","10,0","7,9","6,7","11,0","9,8",  - ,"12,2","13,8","10,6","8,0","6,9"
,,,,,,,,,,,,,,,,,,,
Población total,1.845,1.863,1.887,1.907,1.926,1.944,1.961,1.977,1.993,2.012,2.035,2.068,2.128,2.179,2.212,2.236,2.258,2.280,2.301
Población en edad de trabajar (PET),1.263,1.283,1.306,1.327,1.347,1.366,1.385,1.404,1.424,1.445,1.468,1.499,1.548,1.591,1.621,1.645,1.667,1.693,1.716
Fuerza de trabajo  ,771,707,749,786,846,894,894,909,930,930,939,971,995,962,1.041,1.048,1.077,993,1.000
Población ocupada,680,633,672,721,779,827,830,852,866,869,882,917,948,867,908,935,983,889,906
Población desocupada,91,74,77,65,67,68,64,57,64,61,57,54,47,94,134,113,94,104,94
Población fuera de la fuerza de trabajo,492,576,557,541,501,472,491,495,494,515,529,528,553,630,580,597,590,700,716
Población subocupada,66,48,78,79,69,76,79,96,93,74,63,107,98,  - ,127,144,114,79,69
Fuerza de trabajo potencial,  - ,  - ,  - ,  - ,  - ,  - ,  - ,  - ,  - ,  - ,  - ,  - ,  - ,  - ,62,92,84,59,85
,,,,,,,,,,,,,,,,,,,
Boyacá,,,,,,,,,,,,,,,,,,,
Concepto,,,,,,,,,,,,,,,,,,,
,2007,2008,2009,2010,2011,2012,2013,2014,2015,2016,2017,2018,2019,2020,2021,2022,2023,2024,2025
% población en edad de trabajar ,"72,9","73,3","73,7","74,1","74,5","74,8","75,2","75,5","75,8","76,0","76,3","76,5","76,7","76,9","77,1","77,3","77,5","77,7","78,0"
Tasa Global de Participación (TGP),"64,0","66,6","61,9","62,6","64,2","64,7","64,5","66,3","69,0","65,0","65,0","65,4","61,4","54,0","54,2","60,7","59,5","58,7","56,5"
Tasa de Ocupación (TO),"57,9","61,8","55,7","56,1","59,0","59,8","58,7","61,4","64,7","60,5","60,1","60,6","56,2","47,6","47,7","54,2","53,6","53,6","51,3"
Tasa de Desocupación (TD),"9,6","7,2","9,9","10,3","8,1","7,5","9,0","7,5","6,2","7,0","7,5","7,4","8,5","11,9","12,0","10,7","9,9","8,7","9,3"
Tasa de Subocupación (TS),"9,0","5,8","5,7","10,3","7,4","8,6","9,2","6,4","5,8","7,2","8,0","6,8","7,4",  - ,"6,3","8,5","9,5","9,2","6,2"
,,,,,,,,,,,,,,,,,,,
Población total,1.150,1.154,1.160,1.165,1.170,1.176,1.181,1.187,1.193,1.200,1.207,1.217,1.230,1.242,1.252,1.259,1.267,1.275,1.284
Población en edad de trabajar (PET),839,847,855,863,872,880,888,896,904,912,921,932,944,955,965,973,982,992,1.001
Fuerza de trabajo  ,537,564,529,541,560,569,572,594,624,593,599,609,579,516,522,591,584,582,566
Población ocupada,485,523,476,485,514,527,521,550,585,552,553,564,530,455,460,528,526,531,513
Población desocupada,52,41,53,56,45,43,51,44,39,41,45,45,49,61,63,63,58,50,53
Población fuera de la fuerza de trabajo,302,283,326,323,312,311,316,302,280,319,323,323,364,439,442,383,398,410,435
Población subocupada,48,33,30,56,41,49,52,38,36,43,48,41,43,  - ,33,50,55,54,35
Fuerza de trabajo potencial,  - ,  - ,  - ,  - ,  - ,  - ,  - ,  - ,  - ,  - ,  - ,  - ,  - ,  - ,32,55,60,34,25
,,,,,,,,,,,,,,,,,,,
Caldas,,,,,,,,,,,,,,,,,,,
Concepto,,,,,,,,,,,,,,,,,,,
,2007,2008,2009,2010,2011,2012,2013,2014,2015,2016,2017,2018,2019,2020,2021,2022,2023,2024,2025
% población en edad de trabajar ,"75,4","76,0","76,6","77,2","77,7","78,2","78,7","79,1","79,5","79,9","80,2","80,4","80,5","80,6","80,7","80,8","80,9","81,2","81,4"
Tasa Global de Participación (TGP),"57,8","57,7","58,7","59,9","57,1","57,8","57,2","57,8","60,2","59,0","59,2","59,9","59,2","58,1","56,2","58,1","57,7","57,1","59,3"
Tasa de Ocupación (TO),"51,0","50,9","50,9","51,3","50,3","52,0","51,8","52,8","55,1","53,4","53,7","53,9","52,5","48,3","49,4","51,7","52,1","51,8","53,9"
Tasa de Desocupación (TD),"11,8","11,9","13,1","14,4","11,9","10,2","9,5","8,7","8,4","9,5","9,2","10,1","11,2","16,9","12,1","10,9","9,8","9,4","9,1"
Tasa de Subocupación (TS),"7,2","7,0","7,8","9,3","7,9","5,4","5,7","5,9","4,9","4,5","5,2","5,2","5,7",  - ,"4,6","4,8","4,5","3,1","4,5"
,,,,,,,,,,,,,,,,,,,
Población total,991,988,986,984,984,983,983,983,984,987,991,998,1.008,1.018,1.027,1.036,1.046,1.056,1.066
Población en edad de trabajar (PET),747,751,755,760,764,769,773,778,783,788,795,802,811,820,829,838,847,858,868
Fuerza de trabajo  ,432,434,443,455,437,445,442,450,471,465,470,481,480,477,466,486,489,490,515
Población ocupada,381,382,385,390,385,399,400,411,431,421,427,432,426,397,410,433,441,444,468
Población desocupada,51,51,58,65,52,45,42,39,40,44,43,49,54,80,56,53,48,46,47
Población fuera de la fuerza de trabajo,315,317,312,304,328,324,331,328,312,324,324,321,331,343,363,351,358,368,353
Población subocupada,31,30,35,42,34,24,25,27,23,21,24,25,27,  - ,22,23,22,15,23
Fuerza de trabajo potencial,  - ,  - ,  - ,  - ,  - ,  - ,  - ,  - ,  - ,  - ,  - ,  - ,  - ,  - ,27,32,34,30,39
,,,,,,,,,,,,,,,,,,,
Caquetá,,,,,,,,,,,,,,,,,,,
Concepto,,,,,,,,,,,,,,,,,,,
,2007,2008,2009,2010,2011,2012,2013,2014,2015,2016,2017,2018,2019,2020,2021,2022,2023,2024,2025
% población en edad de trabajar ,"64,4","64,9","65,3","65,7","66,1","66,5","67,0","67,4","67,8","68,3","68,7","69,2","69,7","70,1","70,5","71,0","71,4","72,0","72,5"
Tasa Global de Participación (TGP),"59,9","58,2","59,1","59,9","60,1","59,8","57,9","60,2","61,2","64,9","62,7","62,9","61,1","60,9","58,1","62,5","61,4","61,5","58,4"
Tasa de Ocupación (TO),"53,4","51,9","51,2","52,4","53,4","53,6","52,6","55,1","56,2","59,6","57,3","57,0","53,9","49,6","50,8","55,5","54,7","52,9","52,3"
Tasa de Desocupación (TD),"10,8","10,8","13,4","12,5","11,1","10,3","9,1","8,5","8,1","8,1","8,6","9,4","11,9","18,5","12,6","11,2","11,0","13,9","10,4"
Tasa de Subocupación (TS),"7,3","5,2","4,6","6,1","6,1","5,6","5,7","7,3","9,2","9,0","8,5","8,0","9,2",  - ,"7,7","8,8","8,8","10,6","9,9"
,,,,,,,,,,,,,,,,,,,
Población total,384,386,388,391,393,394,396,397,399,400,401,402,406,410,415,419,424,428,433
Población en edad de trabajar (PET),247,251,254,257,260,262,265,268,270,273,276,278,283,288,293,298,303,309,314
Fuerza de trabajo  ,148,146,150,154,156,157,153,161,165,177,173,175,173,175,170,186,186,190,183
Población ocupada,132,130,130,134,139,141,139,147,152,163,158,159,152,143,149,165,165,163,164
Población desocupada,16,16,20,19,17,16,14,14,13,14,15,17,21,32,21,21,20,26,19
Población fuera de la fuerza de trabajo,99,105,104,103,104,106,112,107,105,96,103,103,110,112,123,112,117,119,131
Población subocupada,11,8,7,9,10,9,9,12,15,16,15,14,16,  - ,13,16,16,20,18
Fuerza de trabajo potencial,  - ,  - ,  - ,  - ,  - ,  - ,  - ,  - ,  - ,  - ,  - ,  - ,  - ,  - ,6,8,10,13,7
,,,,,,,,,,,,,,,,,,,
Cauca,,,,,,,,,,,,,,,,,,,
Concepto,,,,,,,,,,,,,,,,,,,
,2007,2008,2009,2010,2011,2012,2013,2014,2015,2016,2017,2018,2019,2020,2021,2022,2023,2024,2025
% población en edad de trabajar ,"69,2","69,6","70,2","70,8","71,4","72,0","72,5","73,1","73,6","74,1","74,5","74,9","75,3","75,6","75,9","76,2","76,5","76,6","76,9"
Tasa Global de Participación (TGP),"64,0","60,9","62,9","62,1","62,4","62,7","61,9","63,4","64,4","64,2","64,2","65,1","61,9","58,3","62,1","65,1","65,5","70,1","66,3"
Tasa de Ocupación (TO),"58,0","54,4","56,3","55,4","55,3","55,4","54,9","56,5","57,8","59,0","59,0","59,2","55,4","49,9","54,2","59,4","60,6","64,3","61,8"
Tasa de Desocupación (TD),"9,4","10,7","10,5","10,7","11,4","11,6","11,3","10,9","10,2","8,1","8,1","9,0","10,4","14,4","12,7","8,7","7,5","8,2","6,6"
Tasa de Subocupación (TS),"8,0","11,3","11,8","11,5","11,6","12,5","15,1","17,0","16,8","14,1","12,0","15,4","15,9",  - ,"10,5","12,6","13,1","13,4","8,7"
,,,,,,,,,,,,,,,,,,,
Población total,1.287,1.325,1.339,1.352,1.366,1.380,1.393,1.406,1.420,1.434,1.448,1.464,1.478,1.491,1.504,1.516,1.528,1.540,1.552
Población en edad de trabajar (PET),891,922,940,957,975,993,1.010,1.028,1.045,1.063,1.080,1.097,1.113,1.128,1.142,1.155,1.169,1.180,1.193
Fuerza de trabajo  ,570,562,591,595,609,622,626,652,673,682,693,714,689,658,709,752,766,827,790
Población ocupada,516,502,529,531,539,550,555,581,604,627,637,650,617,563,619,686,708,759,738
Población desocupada,54,60,62,64,70,72,71,71,69,55,56,64,72,95,90,65,58,68,53
Población fuera de la fuerza de trabajo,321,361,349,363,366,371,384,376,372,380,386,383,424,470,433,404,403,353,403
Población subocupada,46,63,70,69,70,78,94,111,113,96,84,110,109,  - ,74,95,100,110,69
Fuerza de trabajo potencial,  - ,  - ,  - ,  - ,  - ,  - ,  - ,  - ,  - ,  - ,  - ,  - ,  - ,  - ,76,76,56,72,82
,,,,,,,,,,,,,,,,,,,
Cesar,,,,,,,,,,,,,,,,,,,
Concepto,,,,,,,,,,,,,,,,,,,
,2007,2008,2009,2010,2011,2012,2013,2014,2015,2016,2017,2018,2019,2020,2021,2022,2023,2024,2025
% población en edad de trabajar ,"65,5","65,9","66,3","66,6","67,0","67,3","67,7","68,1","68,5","68,9","69,3","69,6","70,0","70,4","70,7","71,1","71,4","72,0","72,4"
Tasa Global de Participación (TGP),"58,0","57,4","61,8","63,2","61,5","63,0","61,2","60,8","61,7","60,9","63,6","59,6","60,3","53,2","58,1","59,1","59,8","58,8","58,9"
Tasa de Ocupación (TO),"49,4","49,0","55,0","56,2","54,9","56,8","55,8","54,7","56,0","53,7","56,4","52,8","52,1","44,8","48,7","49,7","52,6","52,1","53,1"
Tasa de Desocupación (TD),"14,8","14,6","11,0","11,1","10,8","9,8","8,8","10,0","9,3","11,9","11,4","11,4","13,5","15,8","16,1","15,9","12,0","11,3","9,9"
Tasa de Subocupación (TS),"9,9","7,4","7,4","11,2","9,2","8,4","5,8","5,4","4,8","8,5","10,6","8,2","7,9",  - ,"6,8","9,3","8,3","9,0","6,1"
,,,,,,,,,,,,,,,,,,,
Población total,978,994,1.010,1.027,1.043,1.060,1.077,1.095,1.114,1.136,1.161,1.199,1.250,1.294,1.322,1.341,1.359,1.377,1.393
Población en edad de trabajar (PET),640,655,669,684,699,714,729,746,762,782,804,835,876,911,935,954,971,991,1.009
Fuerza de trabajo  ,372,375,414,432,430,450,446,453,470,476,512,497,528,485,543,564,580,582,594
Población ocupada,317,321,368,384,383,406,407,408,427,419,453,440,456,408,455,474,511,516,536
Población desocupada,55,55,46,48,47,44,39,45,44,57,58,57,71,76,88,89,70,66,59
Población fuera de la fuerza de trabajo,269,279,255,251,269,264,283,293,292,306,293,337,348,426,392,390,391,408,415
Población subocupada,37,28,31,48,39,38,26,24,23,40,54,41,42,  - ,37,53,48,52,36
Fuerza de trabajo potencial,  - ,  - ,  - ,  - ,  - ,  - ,  - ,  - ,  - ,  - ,  - ,  - ,  - ,  - ,45,60,45,44,35
,,,,,,,,,,,,,,,,,,,
Chocó,,,,,,,,,,,,,,,,,,,
Concepto,,,,,,,,,,,,,,,,,,,
,2007,2008,2009,2010,2011,2012,2013,2014,2015,2016,2017,2018,2019,2020,2021,2022,2023,2024,2025
% población en edad de trabajar ,"62,5","62,8","63,1","63,4","63,6","63,8","64,1","64,4","64,7","65,0","65,4","65,8","66,4","66,9","67,5","68,0","68,6","69,2","69,8"
Tasa Global de Participación (TGP),"55,4","53,3","59,8","60,5","65,7","61,2","62,4","55,1","59,6","63,2","63,6","62,5","55,0","47,5","41,9","43,5","40,5","36,9","38,8"
Tasa de Ocupación (TO),"47,3","45,7","52,1","54,6","58,0","55,0","55,5","48,5","53,2","56,9","58,0","57,1","48,8","42,4","36,7","38,0","33,2","31,1","33,8"
Tasa de Desocupación (TD),"14,6","14,2","12,9","9,7","11,7","10,2","11,0","12,0","10,7","10,0","8,9","8,7","11,2","10,8","12,4","12,5","18,2","15,9","12,8"
Tasa de Subocupación (TS),"4,7","2,8","2,3","3,4","3,9","5,1","5,4","2,7","3,3","3,2","3,9","3,3","2,9",  - ,"1,8","2,0","1,6","1,7","1,0"
,,,,,,,,,,,,,,,,,,,
Población total,426,437,448,459,470,480,490,500,509,518,527,535,540,545,549,553,558,562,566
Población en edad de trabajar (PET),266,275,283,291,299,306,314,322,329,337,344,352,358,365,371,377,382,389,395
Fuerza de trabajo  ,147,146,169,176,196,188,196,177,196,213,219,220,197,173,155,164,155,144,153
Población ocupada,126,126,147,159,173,168,174,156,175,191,200,201,175,155,136,143,127,121,134
Población desocupada,22,21,22,17,23,19,22,21,21,21,20,19,22,19,19,21,28,23,20
Población fuera de la fuerza de trabajo,119,128,114,115,102,119,118,144,133,124,125,132,161,191,215,213,227,245,242
Población subocupada,7,4,4,6,8,10,11,5,7,7,9,7,6,  - ,3,3,2,2,2
Fuerza de trabajo potencial,  - ,  - ,  - ,  - ,  - ,  - ,  - ,  - ,  - ,  - ,  - ,  - ,  - ,  - ,23,13,20,33,33
,,,,,,,,,,,,,,,,,,,
Córdoba,,,,,,,,,,,,,,,,,,,
Concepto,,,,,,,,,,,,,,,,,,,
,2007,2008,2009,2010,2011,2012,2013,2014,2015,2016,2017,2018,2019,2020,2021,2022,2023,2024,2025
% población en edad de trabajar ,"69,1","69,9","69,9","70,3","70,7","71,0","71,4","71,7","72,0","72,3","72,6","72,8","73,0","73,2","73,5","73,7","74,0","74,3","74,6"
Tasa Global de Participación (TGP),"62,4","64,7","72,5","71,0","71,6","70,5","67,3","66,8","70,0","69,1","71,1","70,7","69,9","64,7","60,7","61,8","63,1","65,0","64,8"
Tasa de Ocupación (TO),"54,4","56,3","61,6","61,0","62,3","62,2","61,5","62,3","65,9","62,7","64,9","65,5","62,6","55,3","54,3","54,1","55,4","57,9","58,0"
Tasa de Desocupación (TD),"12,9","12,9","15,1","14,0","13,0","11,8","8,6","6,8","5,9","9,3","8,7","7,5","10,4","14,6","10,5","12,5","12,1","10,9","10,5"
Tasa de Subocupación (TS),"12,3","13,3","12,4","16,0","15,3","13,4","4,6","3,0","5,3","7,6","7,9","7,5","13,3",  - ,"12,8","9,5","12,7","11,7","11,7"
,,,,,,,,,,,,,,,,,,,
Población total,1.580,1.553,1.618,1.637,1.655,1.673,1.691,1.708,1.726,1.744,1.762,1.784,1.808,1.828,1.844,1.856,1.868,1.879,1.891
Población en edad de trabajar (PET),1.092,1.085,1.131,1.151,1.170,1.189,1.207,1.225,1.243,1.261,1.279,1.299,1.320,1.339,1.355,1.369,1.382,1.397,1.412
Fuerza de trabajo  ,681,702,821,817,838,838,812,818,870,871,909,919,923,867,822,846,871,909,914
Población ocupada,593,611,697,702,729,739,742,763,818,790,830,850,827,740,736,741,765,809,819
Población desocupada,88,91,124,115,109,98,70,56,52,81,79,68,96,127,86,106,106,99,96
Población fuera de la fuerza de trabajo,410,383,311,334,332,351,394,406,372,390,370,380,397,473,532,522,510,488,497
Población subocupada,84,93,102,131,128,113,37,25,46,66,72,68,123,  - ,105,80,111,106,107
Fuerza de trabajo potencial,  - ,  - ,  - ,  - ,  - ,  - ,  - ,  - ,  - ,  - ,  - ,  - ,  - ,  - ,56,79,89,85,84
,,,,,,,,,,,,,,,,,,,
Cundinamarca,,,,,,,,,,,,,,,,,,,
Concepto,,,,,,,,,,,,,,,,,,,
,2007,2008,2009,2010,2011,2012,2013,2014,2015,2016,2017,2018,2019,2020,2021,2022,2023,2024,2025
% población en edad de trabajar ,"70,8","71,5","72,2","72,9","73,6","74,3","74,9","75,5","76,1","76,5","76,9","77,1","77,2","77,4","77,4","77,6","77,7","78,0","78,2"
Tasa Global de Participación (TGP),"66,6","69,3","74,4","76,1","74,0","72,7","71,8","72,9","71,5","69,4","68,9","69,2","66,4","65,1","66,1","67,7","66,7","66,3","69,9"
Tasa de Ocupación (TO),"59,3","62,9","66,8","68,4","66,6","65,7","65,6","66,4","65,6","63,3","62,9","61,8","58,3","53,6","54,6","59,1","59,5","59,3","63,2"
Tasa de Desocupación (TD),"11,0","9,2","10,3","10,1","9,9","9,7","8,7","8,9","8,2","8,9","8,7","10,8","12,2","17,7","17,4","12,7","10,8","10,6","9,6"
Tasa de Subocupación (TS),"9,8","9,6","14,3","15,0","15,2","14,3","11,5","14,2","13,0","11,7","12,0","11,1","12,3",  - ,"8,4","10,1","6,9","6,9","8,6"
,,,,,,,,,,,,,,,,,,,
Población total,1.991,2.037,2.091,2.152,2.219,2.294,2.375,2.465,2.562,2.671,2.793,2.938,3.106,3.250,3.400,3.506,3.606,3.702,3.792
Población en edad de trabajar (PET),1.410,1.456,1.509,1.568,1.633,1.704,1.780,1.861,1.949,2.045,2.149,2.265,2.398,2.514,2.631,2.721,2.803,2.888,2.967
Fuerza de trabajo  ,939,1.009,1.123,1.193,1.208,1.239,1.279,1.357,1.393,1.420,1.481,1.568,1.591,1.638,1.739,1.842,1.870,1.914,2.075
Población ocupada,836,916,1.007,1.072,1.088,1.119,1.168,1.236,1.279,1.294,1.352,1.398,1.397,1.347,1.436,1.608,1.668,1.712,1.875
Población desocupada,103,93,116,120,120,120,111,121,115,126,129,169,194,291,303,234,202,202,200
Población fuera de la fuerza de trabajo,471,447,386,375,425,464,501,504,555,625,668,697,807,877,892,878,933,974,892
Población subocupada,92,97,160,179,184,177,147,193,181,166,177,174,196,  - ,146,186,129,131,178
Fuerza de trabajo potencial,  - ,  - ,  - ,  - ,  - ,  - ,  - ,  - ,  - ,  - ,  - ,  - ,  - ,  - ,96,96,110,67,116
,,,,,,,,,,,,,,,,,,,
Huila,,,,,,,,,,,,,,,,,,,
Concepto,,,,,,,,,,,,,,,,,,,
,2007,2008,2009,2010,2011,2012,2013,2014,2015,2016,2017,2018,2019,2020,2021,2022,2023,2024,2025
% población en edad de trabajar ,"68,6","69,0","69,4","69,8","70,2","70,5","70,8","71,1","71,4","71,7","71,9","72,1","72,4","72,7","73,0","73,3","73,6","73,8","74,2"
Tasa Global de Participación (TGP),"61,3","64,9","67,9","66,5","66,2","68,1","66,1","62,2","63,7","61,6","60,3","58,1","57,3","54,0","54,4","58,5","59,2","60,4","56,8"
Tasa de Ocupación (TO),"55,2","58,4","60,3","60,0","60,6","61,1","59,9","56,7","58,3","56,0","54,3","51,9","51,9","45,1","47,8","53,6","54,4","55,4","53,0"
Tasa de Desocupación (TD),"9,9","10,1","11,2","9,8","8,5","10,3","9,3","8,8","8,4","9,0","9,9","10,6","9,5","16,6","12,3","8,4","8,1","8,4","6,8"
Tasa de Subocupación (TS),"8,3","9,9","14,4","13,7","12,2","13,6","14,0","12,3","12,8","12,8","10,6","11,5","11,3",  - ,"3,3","4,9","6,3","4,5","4,1"
,,,,,,,,,,,,,,,,,,,
Población total,965,977,989,1.001,1.013,1.025,1.037,1.049,1.061,1.074,1.086,1.100,1.112,1.122,1.132,1.141,1.149,1.158,1.166
Población en edad de trabajar (PET),662,674,686,699,711,723,734,746,758,770,781,794,805,816,827,837,846,855,865
Fuerza de trabajo  ,406,438,466,465,470,492,485,464,482,474,471,461,461,441,450,490,501,517,492
Población ocupada,365,393,414,419,430,442,440,423,442,431,424,412,418,368,395,449,460,473,458
Población desocupada,40,44,52,46,40,51,45,41,41,43,47,49,44,73,55,41,40,43,34
Población fuera de la fuerza de trabajo,256,236,220,234,241,231,249,282,275,295,310,333,344,375,377,347,345,338,373
Población subocupada,34,43,67,63,57,67,68,57,62,61,50,53,52,  - ,15,24,31,23,20
Fuerza de trabajo potencial,  - ,  - ,  - ,  - ,  - ,  - ,  - ,  - ,  - ,  - ,  - ,  - ,  - ,  - ,15,16,12,9,6
,,,,,,,,,,,,,,,,,,,
La Guajira,,,,,,,,,,,,,,,,,,,
Concepto,,,,,,,,,,,,,,,,,,,
,2007,2008,2009,2010,2011,2012,2013,2014,2015,2016,2017,2018,2019,2020,2021,2022,2023,2024,2025
% población en edad de trabajar ,"60,8","61,1","61,3","61,6","61,9","62,3","62,7","63,1","63,5","64,0","64,5","65,1","65,7","66,3","66,7","67,1","67,5","67,9","68,4"
Tasa Global de Participación (TGP),"53,5","54,1","65,9","73,3","71,5","82,2","79,1","78,8","81,6","82,3","85,3","86,3","83,3","76,3","72,0","67,6","62,4","60,6","62,1"
Tasa de Ocupación (TO),"44,8","45,3","59,2","66,7","65,2","75,6","73,7","74,1","76,0","75,5","80,7","83,5","79,1","69,4","68,2","61,5","53,3","53,5","54,4"
Tasa de Desocupación (TD),"16,3","16,3","10,2","8,9","8,7","8,1","6,8","5,9","6,9","8,2","5,4","3,2","5,0","9,1","5,2","8,9","14,5","11,6","12,3"
Tasa de Subocupación (TS),"10,1","7,4","8,8","11,4","6,1","10,3","10,1","10,8","12,4","12,7","13,8","14,9","15,3",  - ,"10,8","7,8","8,6","9,2","9,5"
,,,,,,,,,,,,,,,,,,,
Población total,675,691,706,722,738,754,770,786,802,822,845,879,926,964,987,1.002,1.016,1.029,1.041
Población en edad de trabajar (PET),410,422,433,445,457,469,482,496,510,526,545,572,608,639,659,672,686,698,713
Fuerza de trabajo  ,220,228,286,326,327,386,382,391,416,433,465,493,507,487,474,454,428,423,442
Población ocupada,184,191,257,297,298,355,356,368,388,397,440,477,481,443,449,414,366,374,388
Población desocupada,36,37,29,29,29,31,26,23,29,36,25,16,26,44,25,41,62,49,54
Población fuera de la fuerza de trabajo,191,194,148,119,130,84,101,105,94,93,80,79,102,152,185,218,258,275,270
Población subocupada,22,17,25,37,20,40,39,42,52,55,64,74,78,  - ,51,36,37,39,42
Fuerza de trabajo potencial,  - ,  - ,  - ,  - ,  - ,  - ,  - ,  - ,  - ,  - ,  - ,  - ,  - ,  - ,27,32,38,36,38
,,,,,,,,,,,,,,,,,,,
Magdalena,,,,,,,,,,,,,,,,,,,
Concepto,,,,,,,,,,,,,,,,,,,
,2007,2008,2009,2010,2011,2012,2013,2014,2015,2016,2017,2018,2019,2020,2021,2022,2023,2024,2025
% población en edad de trabajar ,"66,8","67,0","67,3","67,6","67,9","68,2","68,5","68,9","69,3","69,7","70,1","70,6","71,0","71,4","71,9","72,3","72,7","73,1","73,5"
Tasa Global de Participación (TGP),"60,4","57,1","59,7","62,0","62,0","64,0","62,6","63,8","64,1","64,5","63,8","62,1","62,8","55,9","59,5","61,9","61,7","58,6","60,2"
Tasa de Ocupación (TO),"53,4","50,2","53,5","56,7","55,7","58,9","57,7","59,4","59,5","59,1","59,3","57,8","57,3","49,4","52,8","55,9","56,3","52,9","54,5"
Tasa de Desocupación (TD),"11,5","12,1","10,3","8,6","10,1","8,0","7,9","6,9","7,2","8,3","7,1","6,9","8,8","11,7","11,3","9,8","8,8","9,7","9,5"
Tasa de Subocupación (TS),"10,5","8,9","9,1","9,0","10,4","10,0","11,1","10,8","10,9","9,6","11,2","9,9","10,1",  - ,"10,1","11,9","10,4","9,2","8,8"
,,,,,,,,,,,,,,,,,,,
Población total,1.134,1.152,1.170,1.187,1.204,1.221,1.237,1.253,1.268,1.287,1.308,1.340,1.387,1.426,1.449,1.463,1.476,1.489,1.502
Población en edad de trabajar (PET),757,772,787,802,817,832,847,863,879,897,917,946,985,1.019,1.041,1.057,1.073,1.089,1.105
Fuerza de trabajo  ,457,441,470,498,506,533,531,551,563,578,585,587,619,569,619,655,662,638,665
Población ocupada,405,388,422,455,455,490,489,513,523,530,544,547,565,503,550,591,604,576,602
Población desocupada,53,53,48,43,51,43,42,38,40,48,41,40,54,66,70,64,58,62,63
Población fuera de la fuerza de trabajo,300,331,318,305,311,299,317,312,316,319,332,359,366,449,421,403,411,451,439
Población subocupada,48,39,43,45,53,53,59,59,61,55,66,58,63,  - ,63,78,69,58,59
Fuerza de trabajo potencial,  - ,  - ,  - ,  - ,  - ,  - ,  - ,  - ,  - ,  - ,  - ,  - ,  - ,  - ,51,52,31,33,44
,,,,,,,,,,,,,,,,,,,
Meta,,,,,,,,,,,,,,,,,,,
Concepto,,,,,,,,,,,,,,,,,,,
,2007,2008,2009,2010,2011,2012,2013,2014,2015,2016,2017,2018,2019,2020,2021,2022,2023,2024,2025
% población en edad de trabajar ,"69,1","69,6","70,1","70,6","71,1","71,6","72,1","72,5","72,9","73,3","73,7","74,1","74,4","74,7","75,1","75,4","75,7","76,1","76,4"
Tasa Global de Participación (TGP),"67,7","68,0","70,3","69,6","70,5","69,1","67,0","67,4","70,2","68,9","71,0","69,2","68,7","61,6","62,2","63,6","63,9","65,0","64,4"
Tasa de Ocupación (TO),"60,6","60,6","62,5","62,5","63,6","61,7","60,0","60,5","63,0","61,5","62,2","61,2","59,6","49,3","52,6","56,5","57,3","58,8","58,8"
Tasa de Desocupación (TD),"10,4","10,8","11,2","10,2","9,8","10,7","10,5","10,2","10,3","10,7","12,3","11,7","13,3","19,9","15,4","11,2","10,3","9,5","8,7"
Tasa de Subocupación (TS),"10,6","10,0","10,9","10,9","11,0","11,9","10,9","9,0","9,5","8,9","10,0","9,6","8,5",  - ,"6,2","6,2","6,2","6,8","5,8"
,,,,,,,,,,,,,,,,,,,
Población total,835,856,876,895,915,933,951,969,987,1.004,1.021,1.039,1.052,1.063,1.072,1.081,1.089,1.096,1.104
Población en edad de trabajar (PET),577,596,614,633,651,668,686,703,720,736,753,770,783,795,805,815,824,834,844
Fuerza de trabajo  ,391,405,432,440,459,462,459,473,505,507,534,533,538,489,501,518,527,542,544
Población ocupada,350,361,384,395,414,413,411,425,453,453,469,471,466,392,424,460,472,491,496
Población desocupada,41,44,48,45,45,49,48,48,52,55,66,62,71,97,77,58,54,51,48
Población fuera de la fuerza de trabajo,187,191,182,192,192,206,226,229,214,229,219,237,245,305,304,296,298,292,300
Población subocupada,41,41,47,48,50,55,50,43,48,45,53,51,45,  - ,31,32,33,37,31
Fuerza de trabajo potencial,  - ,  - ,  - ,  - ,  - ,  - ,  - ,  - ,  - ,  - ,  - ,  - ,  - ,  - ,24,14,21,18,18
,,,,,,,,,,,,,,,,,,,
Nariño,,,,,,,,,,,,,,,,,,,
Concepto,,,,,,,,,,,,,,,,,,,
,2007,2008,2009,2010,2011,2012,2013,2014,2015,2016,2017,2018,2019,2020,2021,2022,2023,2024,2025
% población en edad de trabajar ,"71,4","71,9","72,5","73,1","73,6","74,1","74,6","75,0","75,4","75,8","76,1","76,3","76,6","76,8","77,0","77,3","77,5","77,6","77,8"
Tasa Global de Participación (TGP),"62,1","62,9","70,1","73,9","74,9","73,6","74,1","73,7","74,9","76,2","76,8","73,2","73,4","69,8","72,7","74,8","76,7","75,9","74,2"
Tasa de Ocupación (TO),"54,5","55,5","59,3","57,4","64,0","64,3","66,2","66,0","68,3","71,0","71,9","69,0","69,4","64,2","67,4","70,2","71,4","71,0","69,8"
Tasa de Desocupación (TD),"12,2","11,8","15,4","22,3","14,6","12,6","10,7","10,5","8,7","6,9","6,4","5,6","5,5","8,0","7,3","6,2","6,9","6,5","6,0"
Tasa de Subocupación (TS),"10,0","7,8","10,9","12,5","14,2","16,1","15,0","14,1","17,0","14,8","12,0","10,8","8,6",  - ,"7,8","8,8","10,6","11,0","8,3"
,,,,,,,,,,,,,,,,,,,
Población total,1.538,1.549,1.559,1.569,1.578,1.587,1.594,1.601,1.608,1.616,1.622,1.630,1.629,1.628,1.631,1.629,1.631,1.634,1.637
Población en edad de trabajar (PET),1.098,1.115,1.131,1.146,1.161,1.176,1.189,1.201,1.213,1.224,1.234,1.245,1.247,1.250,1.256,1.259,1.264,1.268,1.274
Fuerza de trabajo  ,682,701,793,847,870,866,882,885,908,933,948,910,916,872,912,942,969,963,946
Población ocupada,599,619,670,658,743,756,787,793,829,869,887,859,865,802,846,884,902,901,889
Población desocupada,83,83,122,189,127,109,94,93,79,64,61,51,50,70,66,58,67,62,56
Población fuera de la fuerza de trabajo,416,413,338,299,292,310,307,316,305,291,286,334,332,378,343,317,295,305,328
Población subocupada,68,55,86,106,123,140,132,125,154,139,114,98,78,  - ,71,83,102,106,78
Fuerza de trabajo potencial,  - ,  - ,  - ,  - ,  - ,  - ,  - ,  - ,  - ,  - ,  - ,  - ,  - ,  - ,78,70,67,69,64
,,,,,,,,,,,,,,,,,,,
Norte de Santander,,,,,,,,,,,,,,,,,,,
Concepto,,,,,,,,,,,,,,,,,,,
,2007,2008,2009,2010,2011,2012,2013,2014,2015,2016,2017,2018,2019,2020,2021,2022,2023,2024,2025
% población en edad de trabajar ,"70,3","70,7","71,1","71,5","71,9","72,4","72,8","73,2","73,5","73,9","74,1","74,3","74,5","74,7","74,9","75,1","75,4","75,7","76,1"
Tasa Global de Participación (TGP),"63,7","63,5","64,1","64,7","66,8","68,7","67,6","66,2","65,9","66,4","66,6","64,6","63,6","60,6","60,6","60,1","59,4","58,4","59,7"
Tasa de Ocupación (TO),"57,2","57,2","57,5","57,0","58,8","60,2","58,9","58,3","57,9","58,3","58,6","56,4","54,8","48,5","51,7","52,8","52,7","51,0","52,9"
Tasa de Desocupación (TD),"10,2","10,0","10,3","11,9","12,1","12,4","12,8","12,0","12,1","12,1","12,0","12,7","13,9","20,0","14,5","12,1","11,4","12,8","11,3"
Tasa de Subocupación (TS),"9,3","8,4","8,3","9,8","8,9","11,6","11,9","9,5","9,3","10,1","11,0","9,9","10,4",  - ,"9,1","8,6","7,8","7,8","7,7"
,,,,,,,,,,,,,,,,,,,
Población total,1.326,1.339,1.352,1.364,1.374,1.383,1.392,1.401,1.410,1.424,1.446,1.489,1.563,1.619,1.642,1.651,1.659,1.666,1.674
Población en edad de trabajar (PET),932,947,961,975,988,1.001,1.013,1.025,1.036,1.052,1.072,1.107,1.164,1.208,1.230,1.241,1.251,1.262,1.273
Fuerza de trabajo  ,593,601,616,631,661,687,685,679,683,698,714,715,740,733,745,746,743,737,760
Población ocupada,533,541,552,556,581,602,597,598,600,614,628,624,637,586,636,656,659,643,673
Población desocupada,61,60,64,75,80,85,88,81,83,85,85,91,103,147,108,91,85,95,86
Población fuera de la fuerza de trabajo,339,345,345,344,328,314,329,346,354,354,358,392,424,476,485,494,507,524,513
Población subocupada,55,50,51,62,59,80,82,65,64,71,78,71,77,  - ,68,64,58,57,59
Fuerza de trabajo potencial,  - ,  - ,  - ,  - ,  - ,  - ,  - ,  - ,  - ,  - ,  - ,  - ,  - ,  - ,56,38,54,54,58
,,,,,,,,,,,,,,,,,,,
Quindío,,,,,,,,,,,,,,,,,,,
Concepto,,,,,,,,,,,,,,,,,,,
,2007,2008,2009,2010,2011,2012,2013,2014,2015,2016,2017,2018,2019,2020,2021,2022,2023,2024,2025
% población en edad de trabajar ,"75,9","76,6","77,3","77,9","78,6","79,2","79,8","80,3","80,8","81,1","81,4","81,6","81,7","81,7","81,8","81,9","82,0","82,0","82,1"
Tasa Global de Participación (TGP),"59,3","62,0","61,3","63,3","64,2","64,3","64,4","64,7","63,8","64,3","63,2","63,0","61,7","55,8","55,3","57,7","55,4","58,2","60,1"
Tasa de Ocupación (TO),"51,2","51,7","49,9","51,8","52,9","54,4","54,2","55,8","55,5","55,0","54,4","53,7","51,9","43,1","46,9","50,1","47,9","51,0","53,9"
Tasa de Desocupación (TD),"13,7","16,5","18,5","18,1","17,7","15,4","15,8","13,8","13,0","14,3","14,0","14,8","15,9","22,8","15,1","13,3","13,7","12,4","10,3"
Tasa de Subocupación (TS),"9,2","9,6","9,3","13,7","16,3","13,6","14,4","14,4","13,0","13,2","12,2","11,4","10,8",  - ,"8,0","6,3","5,6","5,6","7,8"
,,,,,,,,,,,,,,,,,,,
Población total,514,515,516,517,519,521,522,524,526,530,534,540,548,555,562,569,577,585,593
Población en edad de trabajar (PET),390,394,398,403,408,412,416,421,425,430,435,440,447,454,460,467,473,480,487
Fuerza de trabajo  ,231,244,244,255,262,265,268,272,271,276,275,278,276,253,254,269,262,279,292
Población ocupada,199,204,199,209,216,224,226,235,236,237,236,237,232,195,216,233,227,245,262
Población desocupada,32,40,45,46,46,41,43,38,35,40,39,41,44,58,38,36,36,35,30
Población fuera de la fuerza de trabajo,159,150,154,148,146,147,148,148,154,154,160,163,171,200,206,197,211,201,194
Población subocupada,21,23,23,35,43,36,39,39,35,36,34,32,30,  - ,20,17,15,16,23
Fuerza de trabajo potencial,  - ,  - ,  - ,  - ,  - ,  - ,  - ,  - ,  - ,  - ,  - ,  - ,  - ,  - ,14,14,19,21,27
,,,,,,,,,,,,,,,,,,,
Risaralda,,,,,,,,,,,,,,,,,,,
Concepto,,,,,,,,,,,,,,,,,,,
,2007,2008,2009,2010,2011,2012,2013,2014,2015,2016,2017,2018,2019,2020,2021,2022,2023,2024,2025
% población en edad de trabajar ,"74,8","75,4","76,0","76,5","77,1","77,6","78,1","78,5","78,9","79,3","79,6","79,8","80,0","80,2","80,4","80,6","80,8","81,0","81,2"
Tasa Global de Participación (TGP),"60,2","61,4","67,3","67,0","67,4","67,4","63,5","64,5","64,6","65,2","64,3","64,2","62,0","57,2","56,6","58,5","58,6","59,9","60,5"
Tasa de Ocupación (TO),"53,2","53,8","55,4","54,9","57,4","57,4","55,3","56,5","57,5","59,0","59,0","59,0","57,1","48,9","48,9","52,3","53,5","54,1","55,8"
Tasa de Desocupación (TD),"11,7","12,5","17,8","18,1","14,9","14,9","12,9","12,4","10,9","9,6","8,2","8,0","7,9","14,6","13,6","10,6","8,8","9,7","7,9"
Tasa de Subocupación (TS),"6,8","9,0","10,6","11,6","11,4","12,2","8,7","8,1","8,2","7,3","7,3","5,8","5,5",  - ,"6,5","5,5","6,0","4,9","5,0"
,,,,,,,,,,,,,,,,,,,
Población total,889,894,898,903,908,912,915,919,923,929,935,943,952,961,969,978,988,998,1.008
Población en edad de trabajar (PET),665,674,682,691,700,708,715,721,729,736,744,752,761,770,779,788,798,808,818
Fuerza de trabajo  ,400,414,459,463,472,477,454,465,470,480,478,483,472,441,441,461,468,484,495
Población ocupada,353,362,378,379,402,406,395,407,419,435,439,444,435,377,381,412,427,437,456
Población desocupada,47,52,82,84,70,71,59,58,51,46,39,38,37,64,60,49,41,47,39
Población fuera de la fuerza de trabajo,264,260,223,228,228,231,261,256,258,256,265,270,290,329,338,327,330,324,323
Población subocupada,27,37,49,54,54,58,39,38,39,35,35,28,26,  - ,28,26,28,24,25
Fuerza de trabajo potencial,  - ,  - ,  - ,  - ,  - ,  - ,  - ,  - ,  - ,  - ,  - ,  - ,  - ,  - ,16,17,16,19,18
,,,,,,,,,,,,,,,,,,,
Santander,,,,,,,,,,,,,,,,,,,
Concepto,,,,,,,,,,,,,,,,,,,
,2007,2008,2009,2010,2011,2012,2013,2014,2015,2016,2017,2018,2019,2020,2021,2022,2023,2024,2025
% población en edad de trabajar ,"72,9","73,4","73,9","74,4","74,9","75,4","75,8","76,3","76,7","77,0","77,3","77,6","77,7","77,9","78,1","78,4","78,6","79,0","79,3"
Tasa Global de Participación (TGP),"62,0","63,9","69,4","70,6","70,4","70,8","69,8","68,7","67,6","66,8","65,0","64,6","62,8","57,8","57,7","61,5","63,9","62,8","62,8"
Tasa de Ocupación (TO),"55,8","58,5","63,9","64,2","64,9","65,0","64,3","63,8","62,6","61,4","60,0","58,9","56,0","48,2","50,3","54,9","57,2","55,9","56,5"
Tasa de Desocupación (TD),"10,1","8,6","7,9","9,1","7,9","8,1","7,8","7,1","7,3","8,0","7,6","8,8","10,8","16,6","12,9","10,7","10,5","11,0","10,1"
Tasa de Subocupación (TS),"6,1","5,9","8,7","10,6","9,9","9,8","10,0","8,8","9,0","9,3","8,2","7,5","9,3",  - ,"5,6","6,3","4,4","4,3","3,9"
,,,,,,,,,,,,,,,,,,,
Población total,1.928,1.951,1.973,1.995,2.017,2.037,2.057,2.077,2.096,2.119,2.145,2.183,2.236,2.279,2.312,2.324,2.341,2.357,2.372
Población en edad de trabajar (PET),1.405,1.431,1.457,1.484,1.510,1.536,1.560,1.584,1.607,1.632,1.659,1.694,1.738,1.776,1.806,1.821,1.840,1.862,1.880
Fuerza de trabajo  ,871,915,1.011,1.047,1.064,1.087,1.088,1.088,1.086,1.090,1.078,1.094,1.091,1.027,1.043,1.120,1.175,1.169,1.182
Población ocupada,783,837,931,952,980,998,1.004,1.010,1.007,1.003,996,998,973,857,908,1.000,1.052,1.040,1.062
Población desocupada,88,78,80,95,84,88,85,77,79,87,82,96,118,170,134,120,123,129,119
Población fuera de la fuerza de trabajo,534,516,446,437,447,449,472,496,522,542,581,599,647,749,763,701,665,693,699
Población subocupada,53,54,88,111,105,107,108,95,98,101,88,82,102,  - ,59,71,51,50,46
Fuerza de trabajo potencial,  - ,  - ,  - ,  - ,  - ,  - ,  - ,  - ,  - ,  - ,  - ,  - ,  - ,  - ,28,47,30,31,31
,,,,,,,,,,,,,,,,,,,
Sucre,,,,,,,,,,,,,,,,,,,
Concepto,,,,,,,,,,,,,,,,,,,
,2007,2008,2009,2010,2011,2012,2013,2014,2015,2016,2017,2018,2019,2020,2021,2022,2023,2024,2025
% población en edad de trabajar ,"68,7","69,1","69,4","69,7","70,0","70,3","70,7","71,1","71,5","71,9","72,3","72,7","73,0","73,4","73,7","74,0","74,3","74,6","74,9"
Tasa Global de Participación (TGP),"58,8","55,9","58,2","60,0","61,5","65,8","65,4","65,9","64,2","66,7","66,3","68,4","67,0","61,5","60,0","59,2","57,5","58,1","63,7"
Tasa de Ocupación (TO),"51,9","50,2","52,5","53,2","55,2","59,8","59,3","60,4","58,8","60,5","60,4","62,4","59,8","52,7","53,3","52,9","51,3","51,4","56,9"
Tasa de Desocupación (TD),"11,8","10,3","9,7","11,3","10,3","9,1","9,4","8,3","8,4","9,3","8,9","8,8","10,7","14,3","11,2","10,6","10,8","11,6","10,6"
Tasa de Subocupación (TS),"10,1","6,9","8,3","8,9","10,3","12,0","12,0","10,8","13,0","14,5","13,4","10,4","11,4",  - ,"7,9","10,0","11,6","9,8","14,0"
,,,,,,,,,,,,,,,,,,,
Población total,801,809,818,826,834,843,851,859,867,877,888,904,928,949,962,972,982,991,1.000
Población en edad de trabajar (PET),550,559,568,576,584,593,602,611,620,631,642,657,678,696,709,719,729,739,749
Fuerza de trabajo  ,324,313,330,345,359,390,393,403,398,421,426,449,454,428,425,426,420,430,477
Población ocupada,285,280,298,306,322,354,357,369,365,382,388,410,405,367,378,380,374,380,427
Población desocupada,38,32,32,39,37,35,37,33,33,39,38,40,49,61,47,45,45,50,51
Población fuera de la fuerza de trabajo,227,246,237,231,225,203,208,208,222,210,217,208,224,268,284,294,310,310,272
Población subocupada,33,22,28,31,37,47,47,43,52,61,57,47,52,  - ,34,42,49,42,67
Fuerza de trabajo potencial,  - ,  - ,  - ,  - ,  - ,  - ,  - ,  - ,  - ,  - ,  - ,  - ,  - ,  - ,28,16,30,22,38
,,,,,,,,,,,,,,,,,,,
Tolima,,,,,,,,,,,,,,,,,,,
Concepto,,,,,,,,,,,,,,,,,,,
,2007,2008,2009,2010,2011,2012,2013,2014,2015,2016,2017,2018,2019,2020,2021,2022,2023,2024,2025
% población en edad de trabajar ,"71,9","72,4","72,9","73,3","73,8","74,2","74,7","75,2","75,8","76,3","76,8","77,3","77,7","78,0","78,3","78,6","78,9","79,2","79,5"
Tasa Global de Participación (TGP),"65,6","71,3","69,0","71,4","74,6","70,7","68,9","68,7","69,0","68,4","66,1","65,2","62,0","57,2","53,6","58,0","56,7","57,1","62,1"
Tasa de Ocupación (TO),"57,1","60,6","59,1","60,6","61,6","62,3","62,1","61,7","61,3","60,8","59,0","56,1","51,7","43,9","44,9","48,9","50,2","50,2","55,3"
Tasa de Desocupación (TD),"12,9","15,0","14,4","15,1","17,4","11,8","10,0","10,2","11,1","11,2","10,8","14,0","16,6","23,2","16,3","15,7","11,5","12,0","10,8"
Tasa de Subocupación (TS),"12,1","13,4","12,4","16,0","17,2","14,3","13,6","10,7","10,8","11,3","10,8","11,8","11,9",  - ,"5,7","7,5","6,7","5,8","8,2"
,,,,,,,,,,,,,,,,,,,
Población total,1.308,1.309,1.311,1.313,1.314,1.316,1.317,1.319,1.321,1.323,1.326,1.330,1.335,1.340,1.344,1.347,1.350,1.353,1.356
Población en edad de trabajar (PET),941,948,955,962,970,977,984,992,1.001,1.009,1.018,1.028,1.037,1.045,1.052,1.059,1.065,1.072,1.079
Fuerza de trabajo  ,618,675,659,687,723,690,679,682,690,690,674,670,643,598,565,614,604,612,670
Población ocupada,538,574,564,583,598,609,611,613,614,613,601,576,536,459,473,518,534,539,597
Población desocupada,80,101,95,103,126,82,68,70,77,77,73,94,107,139,92,97,70,73,72
Población fuera de la fuerza de trabajo,323,272,296,275,246,287,306,310,310,319,345,358,394,448,488,444,461,460,409
Población subocupada,75,91,82,110,125,99,93,73,74,78,73,79,77,  - ,32,46,40,36,55
Fuerza de trabajo potencial,  - ,  - ,  - ,  - ,  - ,  - ,  - ,  - ,  - ,  - ,  - ,  - ,  - ,  - ,57,76,37,26,18
,,,,,,,,,,,,,,,,,,,
Valle del Cauca,,,,,,,,,,,,,,,,,,,
Concepto,,,,,,,,,,,,,,,,,,,
,2007,2008,2009,2010,2011,2012,2013,2014,2015,2016,2017,2018,2019,2020,2021,2022,2023,2024,2025
% población en edad de trabajar ,"72,9","73,3","73,6","74,0","74,3","74,6","74,9","75,2","75,6","75,9","76,1","76,4","76,7","77,0","77,3","77,6","77,9","78,2","78,5"
Tasa Global de Participación (TGP),"67,1","66,4","70,1","69,9","67,7","67,3","67,0","65,5","65,8","65,0","64,2","63,2","63,0","59,1","59,1","64,3","64,7","63,1","63,4"
Tasa de Ocupación (TO),"59,8","57,9","60,2","60,7","58,0","57,9","57,9","57,4","58,0","57,1","56,2","55,3","54,6","46,7","49,3","55,8","57,1","55,5","57,4"
Tasa de Desocupación (TD),"11,0","12,8","14,1","13,2","14,3","14,0","13,6","12,4","11,8","12,1","12,5","12,5","13,3","21,0","16,5","13,2","11,7","12,1","9,5"
Tasa de Subocupación (TS),"11,4","11,2","16,1","16,3","14,0","14,0","14,3","12,7","13,2","12,3","11,5","12,2","11,9",  - ,"5,7","9,2","10,1","8,6","7,8"
,,,,,,,,,,,,,,,,,,,
Población total,4.262,4.284,4.303,4.323,4.342,4.359,4.371,4.382,4.396,4.414,4.431,4.474,4.506,4.531,4.565,4.589,4.622,4.656,4.691
Población en edad de trabajar (PET),3.108,3.139,3.168,3.197,3.226,3.252,3.275,3.298,3.322,3.349,3.374,3.419,3.456,3.488,3.529,3.562,3.602,3.642,3.684
Fuerza de trabajo  ,2.086,2.084,2.220,2.234,2.184,2.188,2.196,2.160,2.187,2.176,2.167,2.160,2.177,2.061,2.085,2.290,2.332,2.300,2.337
Población ocupada,1.858,1.816,1.908,1.939,1.871,1.883,1.898,1.892,1.928,1.913,1.897,1.891,1.887,1.629,1.740,1.987,2.058,2.022,2.114
Población desocupada,229,268,313,295,312,305,298,268,259,263,270,269,290,432,345,303,273,278,223
Población fuera de la fuerza de trabajo,1.022,1.055,948,963,1.042,1.064,1.080,1.138,1.135,1.173,1.206,1.259,1.278,1.427,1.444,1.272,1.270,1.342,1.348
Población subocupada,238,232,358,364,306,306,313,275,288,268,248,264,258,  - ,118,212,235,197,183
Fuerza de trabajo potencial,  - ,  - ,  - ,  - ,  - ,  - ,  - ,  - ,  - ,  - ,  - ,  - ,  - ,  - ,116,204,229,201,195
,,,,,,,,,,,,,,,,,,,
Fuente: DANE - Gran Encuesta Integrada de Hogares (GEIH),,,,,,,,,,,,,,,,,,,
"Nota: datos expandidos con proyecciones de población, elaboradas con base en los resultados del CNPV 2018.",,,,,,,,,,,,,,,,,,,
"Nota: toda variable cuya proporción respecto a la fuerza de trabajo sea menor al 10%, tiene un error de muestreo superior al 5%, que es el nivel de calidad admisible para el DANE.",,,,,,,,,,,,,,,,,,,
"Nota: resultados en miles. Por efecto del redondeo en miles, los totales pueden diferir ligeramente",,,,,,,,,,,,,,,,,,,
Nota: los datos entre 2007 y 2020 se encuentra con los valores retroproyectados a partir de las proyecciones del CNPV 2018. ,,,,,,,,,,,,,,,,,,,
Nota: entre 2010 y 2020 la información ya presenta los ajustes poblaciones ocasionados por el cambio de marco realizado en el año 2021. ,,,,,,,,,,,,,,,,,,,
Nota: la Población en Edad de Trabajar (PET) corresponde a todas las personas de 15 años y más.,,,,,,,,,,,,,,,,,,,
"Nota: para los meses de enero, febrero y marzo de 2021 se integró a los factores de expansión el factor de ajuste poblacional que corrige los errores operativos de estos tres meses. Este cambio genera modificaciones en desagregaciones poblacionales de los diferentes dominios geográficos publicados en los meses mencionados.",,,,,,,,,,,,,,,,,,,
"Nota*: debido al cambio en el operativo de recolección de la GEIH por la pandemia del COVID-19, no fue posible obtener información de Población subocupada en el 2020. ",,,,,,,,,,,,,,,,,,,
Actualizado el 15 de abril de 2026,,,,,,,,,,,,,,,,,,,